Workbook

Sheet Pesos
A1: Red neuronal desde cero: pesos generados
A2: Pesos finales del entrenamiento. Las demás hojas los usan con fórmulas para comprobarlos.
A3: Parámetro | B3: Valor
A4: Compuerta | B4: XOR
A5: Arquitectura | B5: 2-4-1
A6: Neuronas ocultas | B6: 4
A7: Función de activación | B7: Sigmoide σ(z) = 1 / (1 + e^(−z))
A8: Función de error | B8: ECM = (1/n) Σ (ŷ − y)²
A9: Épocas | B9: 10000
A10: Tasa de aprendizaje (η) | B10: 1
A11: Semilla aleatoria | B11: 42
A12: ECM final (Python) | B12: 0.00019965943
A15: Capa oculta: W1 (entrada → neurona oculta) y sesgos b1
B16: h1 | C16: h2 | D16: h3 | E16: h4
A17: x1 | B17: 6.3397194 | C17: -4.2147883 | D17: 2.5937277 | E17: 3.4321813
A18: x2 | B18: -6.3256616 | C18: 4.3327088 | D18: -1.8953896 | E18: -3.3638339
A19: b1 (sesgo) | B19: -3.3424359 | C19: -2.5787122 | D19: 1.173648 | E19: 2.0774855
A21: Capa de salida: W2 (neurona oculta → salida) y sesgo b2
B22: ŷ
A23: h1 | B23: 10.565537
A24: h2 | B24: 6.4646263
A25: h3 | B25: -2.2752758
A26: h4 | B26: -4.1685688
A27: b2 (sesgo) | B27: 0.46464897
A29: Valores generados por Python
A30: Fórmulas de Excel
A31: Referencias a otra hoja

Sheet Comprobación
A1: Comprobación: propagación hacia adelante
A2: Cada celda se calcula con fórmulas a partir de la hoja Pesos. ŷ (Excel) debe coincidir con ŷ (Python).
A4: Datos | D4: z = x·W1 + b1 | H4: a = σ(z) | L4: Salida | N4: Comprobación
A5: x1 | B5: x2 | C5: y | D5: z_h1 | E5: z_h2 | F5: z_h3 | G5: z_h4 | H5: a_h1 | I5: a_h2 | J5: a_h3 | K5: a_h4 | L5: z_salida | M5: ŷ (Excel) | N5: ŷ (Python) | O5: |Diferencia| | P5: Clase | Q5: ¿Correcto?
A6: 0 | B6: 0 | C6: 0 | D6: =A6*Pesos!$B$17+B6*Pesos!$B$18+Pesos!$B$19 -> -3.3424359 | E6: =A6*Pesos!$C$17+B6*Pesos!$C$18+Pesos!$C$19 -> -2.5787122 | F6: =A6*Pesos!$D$17+B6*Pesos!$D$18+Pesos!$D$19 -> 1.173648 | G6: =A6*Pesos!$E$17+B6*Pesos!$E$18+Pesos!$E$19 -> 2.0774855 | H6: =1/(1+EXP(-D6)) -> 0.034143736 | I6: =1/(1+EXP(-E6)) -> 0.070521096 | J6: =1/(1+EXP(-F6)) -> 0.76380378 | K6: =1/(1+EXP(-G6)) -> 0.88869555 | L6: =H6*Pesos!$B$23+I6*Pesos!$B$24+J6*Pesos!$B$25+K6*Pesos!$B$26+Pesos!$B$27 -> -4.1611644 | M6: =1/(1+EXP(-L6)) -> 0.015350097 | N6: 0.015350097 | O6: =ABS(M6-N6) -> 1.3877788e-17 | P6: =IF(M6>=0.5,1,0) -> 0 | Q6: =IF(P6=C6,"Sí","No") -> Sí
A7: 0 | B7: 1 | C7: 1 | D7: =A7*Pesos!$B$17+B7*Pesos!$B$18+Pesos!$B$19 -> -9.6680975 | E7: =A7*Pesos!$C$17+B7*Pesos!$C$18+Pesos!$C$19 -> 1.7539966 | F7: =A7*Pesos!$D$17+B7*Pesos!$D$18+Pesos!$D$19 -> -0.72174159 | G7: =A7*Pesos!$E$17+B7*Pesos!$E$18+Pesos!$E$19 -> -1.2863484 | H7: =1/(1+EXP(-D7)) -> 6.3266108e-05 | I7: =1/(1+EXP(-E7)) -> 0.85245618 | J7: =1/(1+EXP(-F7)) -> 0.32700959 | K7: =1/(1+EXP(-G7)) -> 0.21647152 | L7: =H7*Pesos!$B$23+I7*Pesos!$B$24+J7*Pesos!$B$25+K7*Pesos!$B$26+Pesos!$B$27 -> 4.3297146 | M7: =1/(1+EXP(-L7)) -> 0.98699992 | N7: 0.98699992 | O7: =ABS(M7-N7) -> 0 | P7: =IF(M7>=0.5,1,0) -> 1 | Q7: =IF(P7=C7,"Sí","No") -> Sí
A8: 1 | B8: 0 | C8: 1 | D8: =A8*Pesos!$B$17+B8*Pesos!$B$18+Pesos!$B$19 -> 2.9972835 | E8: =A8*Pesos!$C$17+B8*Pesos!$C$18+Pesos!$C$19 -> -6.7935005 | F8: =A8*Pesos!$D$17+B8*Pesos!$D$18+Pesos!$D$19 -> 3.7673757 | G8: =A8*Pesos!$E$17+B8*Pesos!$E$18+Pesos!$E$19 -> 5.5096668 | H8: =1/(1+EXP(-D8)) -> 0.95245125 | I8: =1/(1+EXP(-E8)) -> 0.0011197824 | J8: =1/(1+EXP(-F8)) -> 0.97740949 | K8: =1/(1+EXP(-G8)) -> 0.99596886 | L8: =H8*Pesos!$B$23+I8*Pesos!$B$24+J8*Pesos!$B$25+K8*Pesos!$B$26+Pesos!$B$27 -> 4.1594056 | M8: =1/(1+EXP(-L8)) -> 0.9846233 | N8: 0.9846233 | O8: =ABS(M8-N8) -> 2.220446e-16 | P8: =IF(M8>=0.5,1,0) -> 1 | Q8: =IF(P8=C8,"Sí","No") -> Sí
A9: 1 | B9: 1 | C9: 0 | D9: =A9*Pesos!$B$17+B9*Pesos!$B$18+Pesos!$B$19 -> -3.3283781 | E9: =A9*Pesos!$C$17+B9*Pesos!$C$18+Pesos!$C$19 -> -2.4607917 | F9: =A9*Pesos!$D$17+B9*Pesos!$D$18+Pesos!$D$19 -> 1.8719861 | G9: =A9*Pesos!$E$17+B9*Pesos!$E$18+Pesos!$E$19 -> 2.1458329 | H9: =1/(1+EXP(-D9)) -> 0.03461038 | I9: =1/(1+EXP(-E9)) -> 0.078652944 | J9: =1/(1+EXP(-F9)) -> 0.86668792 | K9: =1/(1+EXP(-G9)) -> 0.89527873 | L9: =H9*Pesos!$B$23+I9*Pesos!$B$24+J9*Pesos!$B$25+K9*Pesos!$B$26+Pesos!$B$27 -> -4.3651969 | M9: =1/(1+EXP(-L9)) -> 0.012552581 | N9: 0.012552581 | O9: =ABS(M9-N9) -> 5.2041704e-18 | P9: =IF(M9>=0.5,1,0) -> 0 | Q9: =IF(P9=C9,"Sí","No") -> Sí
A11: ECM (Excel) | F11: =SUMXMY2($M$6:$M$9,$C$6:$C$9)/COUNT($C$6:$C$9) -> 0.00019965943
A12: ECM (Python) | F12: =Pesos!$B$12 -> 0.00019965943
A13: Diferencia máxima Excel vs Python | F13: =MAX($O$6:$O$9) -> 2.220446e-16
A14: Exactitud | F14: =COUNTIF($Q$6:$Q$9,"Sí")/COUNT($C$6:$C$9) -> 1
A16: Valores generados por Python
A17: Fórmulas de Excel
A18: Referencias a otra hoja

Sheet Retropropagación
A1: Comprobación: retropropagación (primera época)
A2: Parte de los pesos iniciales, calcula los gradientes con la regla de la cadena y aplica un paso de descenso de gradiente con fórmulas.
A4: Tasa de aprendizaje (η) | C4: =Pesos!$B$10 -> 1
A5: n (muestras) | C5: =COUNT($C$9:$C$12) -> 4
A7: Datos | D7: z = x·W1 + b1 | H7: a = σ(z) | L7: Salida | N7: Retropropagación
A8: x1 | B8: x2 | C8: y | D8: z_h1 | E8: z_h2 | F8: z_h3 | G8: z_h4 | H8: a_h1 | I8: a_h2 | J8: a_h3 | K8: a_h4 | L8: z_salida | M8: ŷ (Excel) | N8: e = ŷ − y | O8: δ_salida | P8: δ_h1 | Q8: δ_h2 | R8: δ_h3 | S8: δ_h4
A9: 0 | B9: 0 | C9: 0 | D9: =A9*'Pesos iniciales'!$B$6+B9*'Pesos iniciales'!$B$7+'Pesos iniciales'!$B$8 -> -0.74377273 | E9: =A9*'Pesos iniciales'!$C$6+B9*'Pesos iniciales'!$C$7+'Pesos iniciales'!$C$8 -> -0.099228124 | F9: =A9*'Pesos iniciales'!$D$6+B9*'Pesos iniciales'!$D$7+'Pesos iniciales'!$D$8 -> -0.25840395 | G9: =A9*'Pesos iniciales'!$E$6+B9*'Pesos iniciales'!$E$7+'Pesos iniciales'!$E$8 -> 0.85352998 | H9: =1/(1+EXP(-D9)) -> 0.3221797 | I9: =1/(1+EXP(-E9)) -> 0.4752133 | J9: =1/(1+EXP(-F9)) -> 0.43575609 | K9: =1/(1+EXP(-G9)) -> 0.70130711 | L9: =H9*'Pesos iniciales'!$B$12+I9*'Pesos iniciales'!$B$13+J9*'Pesos iniciales'!$B$14+K9*'Pesos iniciales'!$B$15+'Pesos iniciales'!$B$16 -> 0.076737579 | M9: =1/(1+EXP(-L9)) -> 0.51917499 | N9: =M9-C9 -> 0.51917499 | O9: =2*N9/$C$5*M9*(1-M9) -> 0.064801428 | P9: =O9*'Pesos iniciales'!$B$12*H9*(1-H9) -> 0.0040717662 | Q9: =O9*'Pesos iniciales'!$B$13*I9*(1-I9) -> 0.010432007 | R9: =O9*'Pesos iniciales'!$B$14*J9*(1-J9) -> -0.0018031522 | S9: =O9*'Pesos iniciales'!$B$15*K9*(1-K9) -> -0.0074050913
A10: 0 | B10: 1 | C10: 1 | D10: =A10*'Pesos iniciales'!$B$6+B10*'Pesos iniciales'!$B$7+'Pesos iniciales'!$B$8 -> -1.555418 | E10: =A10*'Pesos iniciales'!$C$6+B10*'Pesos iniciales'!$C$7+'Pesos iniciales'!$C$8 -> 0.85201658 | F10: =A10*'Pesos iniciales'!$D$6+B10*'Pesos iniciales'!$D$7+'Pesos iniciales'!$D$8 -> 0.26387545 | G10: =A10*'Pesos iniciales'!$E$6+B10*'Pesos iniciales'!$E$7+'Pesos iniciales'!$E$8 -> 1.4256586 | H10: =1/(1+EXP(-D10)) -> 0.17430511 | I10: =1/(1+EXP(-E10)) -> 0.70098999 | J10: =1/(1+EXP(-F10)) -> 0.56558872 | K10: =1/(1+EXP(-G10)) -> 0.80622397 | L10: =H10*'Pesos iniciales'!$B$12+I10*'Pesos iniciales'!$B$13+J10*'Pesos iniciales'!$B$14+K10*'Pesos iniciales'!$B$15+'Pesos iniciales'!$B$16 -> 0.1080058 | M10: =1/(1+EXP(-L10)) -> 0.52697523 | N10: =M10-C10 -> -0.47302477 | O10: =2*N10/$C$5*M10*(1-M10) -> -0.058955994 | P10: =O10*'Pesos iniciales'!$B$12*H10*(1-H10) -> -0.0024414239 | Q10: =O10*'Pesos iniciales'!$B$13*I10*(1-I10) -> -0.0079769594 | R10: =O10*'Pesos iniciales'!$B$14*J10*(1-J10) -> 0.0016393333 | S10: =O10*'Pesos iniciales'!$B$15*K10*(1-K10) -> 0.0050245415
A11: 1 | B11: 0 | C11: 1 | D11: =A11*'Pesos iniciales'!$B$6+B11*'Pesos iniciales'!$B$7+'Pesos iniciales'!$B$8 -> -0.19586064 | E11: =A11*'Pesos iniciales'!$C$6+B11*'Pesos iniciales'!$C$7+'Pesos iniciales'!$C$8 -> -0.22147124 | F11: =A11*'Pesos iniciales'!$D$6+B11*'Pesos iniciales'!$D$7+'Pesos iniciales'!$D$8 -> 0.45879189 | G11: =A11*'Pesos iniciales'!$E$6+B11*'Pesos iniciales'!$E$7+'Pesos iniciales'!$E$8 -> 1.248266 | H11: =1/(1+EXP(-D11)) -> 0.45119077 | I11: =1/(1+EXP(-E11)) -> 0.4448574 | J11: =1/(1+EXP(-F11)) -> 0.61272754 | K11: =1/(1+EXP(-G11)) -> 0.77699956 | L11: =H11*'Pesos iniciales'!$B$12+I11*'Pesos iniciales'!$B$13+J11*'Pesos iniciales'!$B$14+K11*'Pesos iniciales'!$B$15+'Pesos iniciales'!$B$16 -> 0.032942443 | M11: =1/(1+EXP(-L11)) -> 0.50823487 | N11: =M11-C11 -> -0.49176513 | O11: =2*N11/$C$5*M11*(1-M11) -> -0.061453968 | P11: =O11*'Pesos iniciales'!$B$12*H11*(1-H11) -> -0.0043784163 | Q11: =O11*'Pesos iniciales'!$B$13*I11*(1-I11) -> -0.0097968662 | R11: =O11*'Pesos iniciales'!$B$14*J11*(1-J11) -> 0.0016503323 | S11: =O11*'Pesos iniciales'!$B$15*K11*(1-K11) -> 0.0058088363
A12: 1 | B12: 1 | C12: 0 | D12: =A12*'Pesos iniciales'!$B$6+B12*'Pesos iniciales'!$B$7+'Pesos iniciales'!$B$8 -> -1.0075059 | E12: =A12*'Pesos iniciales'!$C$6+B12*'Pesos iniciales'!$C$7+'Pesos iniciales'!$C$8 -> 0.72977346 | F12: =A12*'Pesos iniciales'!$D$6+B12*'Pesos iniciales'!$D$7+'Pesos iniciales'!$D$8 -> 0.98107129 | G12: =A12*'Pesos iniciales'!$E$6+B12*'Pesos iniciales'!$E$7+'Pesos iniciales'!$E$8 -> 1.8203946 | H12: =1/(1+EXP(-D12)) -> 0.26746823 | I12: =1/(1+EXP(-E12)) -> 0.67475556 | J12: =1/(1+EXP(-F12)) -> 0.72732073 | K12: =1/(1+EXP(-G12)) -> 0.86061347 | L12: =H12*'Pesos iniciales'!$B$12+I12*'Pesos iniciales'!$B$13+J12*'Pesos iniciales'!$B$14+K12*'Pesos iniciales'!$B$15+'Pesos iniciales'!$B$16 -> 0.06990254 | M12: =1/(1+EXP(-L12)) -> 0.51746852 | N12: =M12-C12 -> 0.51746852 | O12: =2*N12/$C$5*M12*(1-M12) -> 0.064604613 | P12: =O12*'Pesos iniciales'!$B$12*H12*(1-H12) -> 0.0036420651 | Q12: =O12*'Pesos iniciales'!$B$13*I12*(1-I12) -> 0.0091523318 | R12: =O12*'Pesos iniciales'!$B$14*J12*(1-J12) -> -0.001450037 | S12: =O12*'Pesos iniciales'!$B$15*K12*(1-K12) -> -0.0042277098
A14: ECM inicial (Excel) | C14: =SUMXMY2($M$9:$M$12,$C$9:$C$12)/$C$5 -> 0.25072543
A16: Actualización de parámetros: w ← w − η · ∂E/∂w
A17: Parámetro | C17: Inicial | D17: ∂E/∂w | E17: Nuevo (Excel) | F17: Python (1 época) | G17: |Diferencia|
A18: W1[x1, h1] | C18: ='Pesos iniciales'!$B$6 -> 0.5479121 | D18: =SUMPRODUCT($A$9:$A$12,$P$9:$P$12) -> -0.00073635122 | E18: =C18-$C$4*D18 -> 0.54864845 | F18: 0.54864845 | G18: =ABS(E18-F18) -> 0
A19: W1[x1, h2] | C19: ='Pesos iniciales'!$C$6 -> -0.12224312 | D19: =SUMPRODUCT($A$9:$A$12,$Q$9:$Q$12) -> -0.00064453438 | E19: =C19-$C$4*D19 -> -0.12159859 | F19: -0.12159859 | G19: =ABS(E19-F19) -> 5.5511151e-17
A20: W1[x1, h3] | C20: ='Pesos iniciales'!$D$6 -> 0.71719584 | D20: =SUMPRODUCT($A$9:$A$12,$R$9:$R$12) -> 0.00020029535 | E20: =C20-$C$4*D20 -> 0.71699554 | F20: 0.71699554 | G20: =ABS(E20-F20) -> 0
A21: W1[x1, h4] | C21: ='Pesos iniciales'!$E$6 -> 0.39473606 | D21: =SUMPRODUCT($A$9:$A$12,$S$9:$S$12) -> 0.0015811264 | E21: =C21-$C$4*D21 -> 0.39315493 | F21: 0.39315493 | G21: =ABS(E21-F21) -> 5.5511151e-17
A22: W1[x2, h1] | C22: ='Pesos iniciales'!$B$7 -> -0.8116453 | D22: =SUMPRODUCT($B$9:$B$12,$P$9:$P$12) -> 0.0012006411 | E22: =C22-$C$4*D22 -> -0.81284595 | F22: -0.81284595 | G22: =ABS(E22-F22) -> 0
A23: W1[x2, h2] | C23: ='Pesos iniciales'!$C$7 -> 0.9512447 | D23: =SUMPRODUCT($B$9:$B$12,$Q$9:$Q$12) -> 0.0011753724 | E23: =C23-$C$4*D23 -> 0.95006933 | F23: 0.95006933 | G23: =ABS(E23-F23) -> 0
A24: W1[x2, h3] | C24: ='Pesos iniciales'!$D$7 -> 0.5222794 | D24: =SUMPRODUCT($B$9:$B$12,$R$9:$R$12) -> 0.00018929634 | E24: =C24-$C$4*D24 -> 0.52209011 | F24: 0.52209011 | G24: =ABS(E24-F24) -> 0
A25: W1[x2, h4] | C25: ='Pesos iniciales'!$E$7 -> 0.57212861 | D25: =SUMPRODUCT($B$9:$B$12,$S$9:$S$12) -> 0.00079683166 | E25: =C25-$C$4*D25 -> 0.57133178 | F25: 0.57133178 | G25: =ABS(E25-F25) -> 0
A26: b1[h1] | C26: ='Pesos iniciales'!$B$8 -> -0.74377273 | D26: =SUM($P$9:$P$12) -> 0.00089399103 | E26: =C26-$C$4*D26 -> -0.74466673 | F26: -0.74466673 | G26: =ABS(E26-F26) -> 0
A27: b1[h2] | C27: ='Pesos iniciales'!$C$8 -> -0.099228124 | D27: =SUM($Q$9:$Q$12) -> 0.0018105129 | E27: =C27-$C$4*D27 -> -0.10103864 | F27: -0.10103864 | G27: =ABS(E27-F27) -> 2.7755576e-17
A28: b1[h3] | C28: ='Pesos iniciales'!$D$8 -> -0.25840395 | D28: =SUM($R$9:$R$12) -> 3.6476462e-05 | E28: =C28-$C$4*D28 -> -0.25844043 | F28: -0.25844043 | G28: =ABS(E28-F28) -> 5.5511151e-17
A29: b1[h4] | C29: ='Pesos iniciales'!$E$8 -> 0.85352998 | D29: =SUM($S$9:$S$12) -> -0.00079942335 | E29: =C29-$C$4*D29 -> 0.8543294 | F29: 0.8543294 | G29: =ABS(E29-F29) -> 0
A30: W2[h1, ŷ] | C30: ='Pesos iniciales'!$B$12 -> 0.28773024 | D30: =SUMPRODUCT($H$9:$H$12,$O$9:$O$12) -> 0.00015359149 | E30: =C30-$C$4*D30 -> 0.28757665 | F30: 0.28757665 | G30: =ABS(E30-F30) -> 0
A31: W2[h2, ŷ] | C31: ='Pesos iniciales'!$B$13 -> 0.64552323 | D31: =SUMPRODUCT($I$9:$I$12,$O$9:$O$12) -> 0.0057210078 | E31: =C31-$C$4*D31 -> 0.63980222 | F31: 0.63980222 | G31: =ABS(E31-F31) -> 0
A32: W2[h3, ŷ] | C32: ='Pesos iniciales'!$B$14 -> -0.1131716 | D32: =SUMPRODUCT($J$9:$J$12,$O$9:$O$12) -> 0.0042265073 | E32: =C32-$C$4*D32 -> -0.11739811 | F32: -0.11739811 | G32: =ABS(E32-F32) -> 2.7755576e-17
A33: W2[h4, ŷ] | C33: ='Pesos iniciales'!$B$15 -> -0.54552256 | D33: =SUMPRODUCT($K$9:$K$12,$O$9:$O$12) -> 0.0057638607 | E33: =C33-$C$4*D33 -> -0.55128642 | F33: -0.55128642 | G33: =ABS(E33-F33) -> 0
A34: b2 | C34: ='Pesos iniciales'!$B$16 -> 0.10916957 | D34: =SUM($O$9:$O$12) -> 0.0089960787 | E34: =C34-$C$4*D34 -> 0.1001735 | F34: 0.1001735 | G34: =ABS(E34-F34) -> 6.9388939e-17
A36: Diferencia máxima Excel vs Python | G36: =MAX(G18:G34) -> 6.9388939e-17
A38: Valores generados por Python
A39: Fórmulas de Excel
A40: Referencias a otra hoja

Sheet Pesos iniciales
A1: Pesos iniciales
A2: Valores aleatorios uniformes en [−1, 1] generados con la semilla 42. La hoja Retropropagación parte de aquí.
A4: Capa oculta: W1 (entrada → neurona oculta) y sesgos b1
B5: h1 | C5: h2 | D5: h3 | E5: h4
A6: x1 | B6: 0.5479121 | C6: -0.12224312 | D6: 0.71719584 | E6: 0.39473606
A7: x2 | B7: -0.8116453 | C7: 0.9512447 | D7: 0.5222794 | E7: 0.57212861
A8: b1 (sesgo) | B8: -0.74377273 | C8: -0.099228124 | D8: -0.25840395 | E8: 0.85352998
A10: Capa de salida: W2 (neurona oculta → salida) y sesgo b2
B11: ŷ
A12: h1 | B12: 0.28773024
A13: h2 | B13: 0.64552323
A14: h3 | B14: -0.1131716
A15: h4 | B15: -0.54552256
A16: b2 (sesgo) | B16: 0.10916957

Sheet Entrenamiento
A1: Curva de entrenamiento
A2: Error cuadrático medio cada 100 épocas (época 0 = pesos iniciales).
A4: Época | B4: ECM
A5: 0 | B5: 0.25072543
A6: 100 | B6: 0.2487
A7: 200 | B7: 0.24528971
A8: 300 | B8: 0.23477952
A9: 400 | B9: 0.20962
A10: 500 | B10: 0.1720528
A11: 600 | B11: 0.10759707
A12: 700 | B12: 0.044194838
A13: 800 | B13: 0.021196669
A14: 900 | B14: 0.012645941
A15: 1000 | B15: 0.0086560582
A16: 1100 | B16: 0.0064509169
... A105: 10000 | B105: 0.00019965943
